OBJECTID_1,Join_Count,TARGET_FID,area,count,lng,lat,NEAR_FID,NEAR_DIST,FID_1,OBJECTID,osm_id,code,fclass,name,ref,oneway,maxspeed,layer,bridge,tunnel,分类,Shape_Leng,ori_label,CATEGORY,IDS,NUMS,SUBTYPE,OBJECTID_12,Label,Topic,Doc_ID,BertIds,labels
1,1,1,雄楚大道公安厅门前辅道（石牌岭西路至丁字桥螺口方向）,1,114.328135553000000,30.533127927199999,3116,0.000293889266905,3116,3485,231521436,5114,secondary,丁字桥路, ,F,0,0.000000000000000,F,F,城市主干道,345.270165147999990,889,诊所 公共停车场 路边停车场 生活服务场所 临街院门 旅馆招待所 中餐厅 公共停车场 餐饮相关 临街院门 临街院门 公交车站相关 路边停车场 住宅区 维修站点 维修站点 路边停车场 生活服务场,629,988,诊所 停车场 停车场 生活服务场所 临街院门 旅馆招待所 中餐厅 停车场 餐饮相关场所 临街院门 临街院门 公交车站 停车场 住宅区 维修站点 维修站点 停车场 生活服务场所 中餐厅 临街院门 便,1,889,-1,629,629,-1
2,1,2,东湖景园路段,10,114.369575369000000,30.584306978000001,5529,0.001542689850460,5529,6268,456583419,5114,secondary, , ,F,0,0.000000000000000,F,F,城市主干道,1187.181641650000100,1508,美容美发店 美容美发店 宿舍 路边停车场 宿舍 宿舍 宿舍 宿舍 宿舍 宿舍 宿舍 宿舍 中餐厅 专科医院 医疗保健服务场所 建筑物门 三级甲等医院 医疗保健服务场所 自动提款机 公共停车场 急救,1201,175,美容美发店 美容美发店 住宅区 停车场 住宅区 住宅区 住宅区 住宅区 住宅区 住宅区 住宅区 住宅区 中餐厅 专科医院 医疗保健服务场所 建筑物门 综合医院 医疗保健服务场所 自动提款机 停车,2,1508,6,1201,1201,6
3,1,3,汉阳区四新北路红星美凯龙门口,24,114.240365811999990,30.514680308599999,3602,0.000044714483654,3602,4005,233478900,5114,secondary,鹦鹉大道, ,B,0,0.000000000000000,F,F,城市主干道,6092.375444010000100,628,停车场相关 中餐厅 汽车综合维修 汽车俱乐部 停车场相关 验车场 工厂 科教文化场所 停车场出口 停车场入口 公共停车场 路口名 洗浴推拿场所 停车场出口 临街院门 中餐厅 停车场入口 公共停,396,55,停车场 中餐厅 汽车综合维修 汽车俱乐部 停车场 交通车辆管理 工厂 科教文化场所 停车场 停车场 停车场 交通地名 洗浴推拿场所 停车场 临街院门 中餐厅 停车场 停车场 停车场 宾馆酒店 停车,3,628,-1,396,396,-1
4,1,4,风景区二环线东湖景园路段,10,114.369575369000000,30.584306978000001,5529,0.001542689850460,5529,6268,456583419,5114,secondary, , ,F,0,0.000000000000000,F,F,城市主干道,1187.181641650000100,1508,美容美发店 美容美发店 宿舍 路边停车场 宿舍 宿舍 宿舍 宿舍 宿舍 宿舍 宿舍 宿舍 中餐厅 专科医院 医疗保健服务场所 建筑物门 三级甲等医院 医疗保健服务场所 自动提款机 公共停车场 急救,1201,175,美容美发店 美容美发店 住宅区 停车场 住宅区 住宅区 住宅区 住宅区 住宅区 住宅区 住宅区 住宅区 中餐厅 专科医院 医疗保健服务场所 建筑物门 综合医院 医疗保健服务场所 自动提款机 停车,4,1508,6,1201,1201,6
5,1,5,紫阳东路东安路口,10,114.313580754000000,30.529126178700000,3139,0.000006576168712,3139,3508,231522780,5115,tertiary,东安路, ,B,0,0.000000000000000,F,F,城市次干道,166.705176642000000,825,中餐厅 住宿服务相关 住宅小区 美容美发店 中餐厅 彩票彩券销售点 生活服务场所 彩票彩券销售点 商务住宅相关 中餐厅 住宅小区 临街院门 中餐厅 住宅区 洗浴推拿场所 旅馆招待所 住宿服务,569,618,中餐厅 住宿服务相关 住宅区 美容美发店 中餐厅 彩票彩券销售点 生活服务场所 彩票彩券销售点 商务住宅相关 中餐厅 住宅区 临街院门 中餐厅 住宅区 洗浴推拿场所 旅馆招待所 住宿服务相关,5,825,6,569,569,6
6,1,6,建设大道延长线与和谐大道交汇处,20,114.298197348000000,30.645682395100000,5382,0.000113371484590,5382,6070,456043539,5114,secondary,兴业路, ,F,0,0.000000000000000,F,F,城市主干道,2909.966174010000000,2286,中餐厅 楼栋号 楼栋号 楼栋号 楼栋号 楼栋号 汽车维修 楼栋号 快餐厅 汽车养护 汽车养护 汽车养护 楼栋号 楼栋号 公司企业 培训机构 临街院门 住宅小区 汽车服务相关 公共停车场 公共停车场,1793,358,中餐厅 门牌信息 门牌信息 门牌信息 门牌信息 门牌信息 汽车维修 门牌信息 快餐厅 汽车养护/装饰 汽车养护/装饰 汽车养护/装饰 门牌信息 门牌信息 公司企业 培训机构 临街院门 住宅区 汽车,6,2286,-1,1793,1793,-1
7,1,7,硚口区知音桥桥面,10,114.213692069999990,30.578503931800000,2391,0.001929094105490,2391,2715,177261200,5114,secondary,沿河大道, ,F,0,0.000000000000000,F,F,城市主干道,5353.255427500000200,1415,路口名 桥 旅馆招待所 公共厕所 城市快速路出口 交通服务相关 公园 公司企业 羽毛球场 临街院门 交通服务相关 运动场所 政府机关相关 公司企业 公共停车场 港口码头 火锅店 综合体育馆 宿,1115,60,交通地名 交通地名 旅馆招待所 公共厕所 交通地名 交通服务相关 公园广场 公司企业 运动场馆 临街院门 交通服务相关 运动场馆 政府机关 公司企业 停车场 港口码头 中餐厅 运动场馆 住宅区,7,1415,5,1115,1115,5
8,1,8,琴台大道古田桥,20,114.218021111000000,30.570990414600001,1455,0.000010117923130,1455,1622,116184473,5113,primary,琴台大道, ,F,0,0.000000000000000,F,F,城市主干道,3061.950147149999800,1355,停车场相关 住宅小区 临街院门 华夏银行ATM 公司企业 汽车维修 汽车养护 汽车养护 海鲜酒楼 政府及社会团体相关 科教文化场所 运动场所 中国银行ATM 中国工商银行ATM 中国银行 中国银行ATM 驾,1061,212,停车场 住宅区 临街院门 自动提款机 公司企业 汽车维修 汽车养护/装饰 汽车养护/装饰 中餐厅 政府及社会团体相关 科教文化场所 运动场馆 自动提款机 自动提款机 银行 自动提款机 驾校 社会,8,1355,4,1061,1061,4
9,1,9,琴台大道郭茨口邮局门口,20,114.208652834000010,30.571629549099999,5265,0.000604333850611,5265,5908,455183514,5112,trunk,二环线, ,F,0,0.000000000000000,F,F,高架及快速路,279.856325755000000,1353,洗衣店 棋牌室 旅馆招待所 住宅小区 临街院正门 美容美发店 住宅小区 临街院门 乡镇级政府及事业单位 乡镇级政府及事业单位 住宅小区 交通服务相关 交通服务相关 传媒机构 住宅小区 邮局,1059,743,洗衣店 娱乐场所 旅馆招待所 住宅区 临街院门 美容美发店 住宅区 临街院门 政府机关 政府机关 住宅区 交通服务相关 交通服务相关 传媒机构 住宅区 邮局 银行 自动提款机 中介机构 邮局 自动,9,1353,5,1059,1059,5
10,1,10,张之洞路首义路口,5,114.304976147000000,30.537563043599999,3512,0.001030355135590,3512,3898,231810585,5114,secondary,首义路, ,B,0,0.000000000000000,F,F,城市主干道,860.237792255000040,946,乒乓球馆 运动场所 篮球场馆 运动场所 专用停车场 公共停车场 学校 成人教育 成人教育 科研机构 商业贸易 出版社 建筑物正门 建筑物正门 高等院校 高等院校 成人教育 学校 成人教育 高等院,682,674,运动场馆 运动场馆 运动场馆 运动场馆 停车场 停车场 学校 学校 学校 科研机构 公司 传媒机构 建筑物门 建筑物门 学校 学校 学校 学校 学校 学校 学校 学校 学校 物流速递 学校 学校 建筑物门,10,946,2,682,682,2
11,1,11,四新南路新华园二路,35,114.216563683999990,30.512128117700001,7365,0.000050228784973,7365,8416,721828543,5114,secondary, , ,F,0,0.000000000000000,F,F,城市主干道,3369.060310460000000,623,汽车服务相关 中国石油 公共厕所 汽车服务相关 生活服务场所 公交车站相关 公共停车场 汽车综合维修 宾馆酒店 汽车配件销售 汽车综合维修 汽车养护 汽车养护 生活服务场所 社区中心 公共,391,40,汽车服务相关 加油站 公共厕所 汽车服务相关 生活服务场所 公交车站 停车场 汽车综合维修 宾馆酒店 汽车配件销售 汽车综合维修 汽车养护/装饰 汽车养护/装饰 生活服务场所 住宅区 停车场,11,623,5,391,391,5
12,1,12,汉口部分地区,3,114.248979996000000,30.621536362699999,7595,0.001864570297400,7595,8779,765596667,5122,residential, , ,B,0,0.000000000000000,F,F,城市支路,245.455205615000010,1971,站台 站台 楼栋号 进站口/检票口 交通服务相关 进站口/检票口 商务住宅相关 超市 生活服务场所 进站口/检票口 交通服务相关 公共停车场 站台 站台 中餐厅 停车场入口 进站口/检票口 站台 站,1603,286,火车站 火车站 门牌信息 火车站 交通服务相关 火车站 商务住宅相关 超级市场 生活服务场所 火车站 交通服务相关 停车场 火车站 火车站 中餐厅 停车场 火车站 火车站 火车站 商务住宅相关 工,12,1971,5,1603,1603,5
13,1,13,虎泉街保利华都,165,114.378589057000000,30.510854259799999,2237,0.000129499826135,2237,2494,169556485,5122,residential, , ,B,0,0.000000000000000,F,F,城市支路,493.971693469000000,655,住宅小区 住宅小区 住宅小区 楼栋号 住宅区 住宅小区 住宅小区 楼栋号 住宅小区 住宅小区 住宅小区 住宅区 住宅小区 住宅小区 培训机构 成人教育 休闲场所 宿舍 建筑物门 住宅小区 生活服务,423,146,住宅区 住宅区 住宅区 门牌信息 住宅区 住宅区 住宅区 门牌信息 住宅区 住宅区 住宅区 住宅区 住宅区 住宅区 培训机构 学校 休闲场所 住宅区 建筑物门 住宅区 生活服务场所 物流速递 公司 物,13,655,2,423,423,2
14,1,14,洪山路省政府往东一路,7,114.409219385000000,30.516327343099999,657,0.000024592955367,657,759,103806241,5121,unclassified, , ,B,0,0.000000000000000,F,F,城市支路,619.512502661999970,722,火车票代售点 旅行社 售票处 生活服务场所 公园 中餐厅 临街院门 宿舍 学校 宿舍 公司 高等院校 中餐厅 停车场出入口 公共停车场 临街院门 学校 中餐厅 专用停车场 美术馆 学校 物流速递 培,480,582,售票处 旅行社 售票处 生活服务场所 公园广场 中餐厅 临街院门 住宅区 学校 住宅区 公司 学校 中餐厅 停车场 停车场 临街院门 学校 中餐厅 停车场 美术馆 学校 物流速递 培训机构 学校 会展,14,722,-1,480,480,-1
15,1,15,雄楚大道公安厅门前辅道（石牌岭西路至丁字桥螺口方向）,7,114.324689678000000,30.528302602800000,3123,0.000644136816024,3123,3492,231521444,5121,unclassified, , ,B,0,0.000000000000000,F,F,城市支路,647.429438071000050,828,住宅小区 住宅小区 住宅小区 生活服务场所 住宅小区 物流速递 住宅区 临街院门 公司企业 公司企业 公司企业 公司企业 公司企业 公司企业 公司企业 公司企业 公司企业 公司企业 公司企业 公,572,497,住宅区 住宅区 住宅区 生活服务场所 住宅区 物流速递 住宅区 临街院门 公司企业 公司企业 公司企业 公司企业 公司企业 公司企业 公司企业 公司企业 公司企业 公司企业 公司企业 公司企业 医,15,828,3,572,572,3
16,1,16,协和肿瘤医院,8,114.258025423000010,30.615595848200002,4946,0.000536566272814,4946,5527,378864127,5113,primary,新华路, ,F,0,0.000000000000000,F,F,城市主干道,1817.017795560000000,1912,酒吧 中餐厅 KTV 湖南菜(湘菜) 特色商业街 金融保险机构 中餐厅 海鲜酒楼 宾馆酒店 培训机构 金融保险机构 网吧 法式菜品餐厅 海鲜酒楼 美容美发店 火锅店 海鲜酒楼 海鲜酒楼 茶艺馆 茶餐厅,1553,776,娱乐场所 中餐厅 娱乐场所 中餐厅 特色商业街 金融保险服务机构 中餐厅 中餐厅 宾馆酒店 培训机构 金融保险服务机构 娱乐场所 外国餐厅 中餐厅 美容美发店 中餐厅 中餐厅 中餐厅 茶艺馆 快,16,1912,6,1553,1553,6
17,1,17,开放学院门口涵洞,12,114.392239004999990,30.501992226399999,3169,0.000613153337750,3169,3538,231527033,5113,primary,民族大道, ,F,0,0.000000000000000,F,F,城市主干道,660.317317904999980,536,培训机构 展览馆 住宅区 住宅区 培训机构 培训机构 公司企业 公司 公司企业 专用停车场 自动提款机 自动提款机 职业技术学校 职业技术学校 高等院校 美容美发店 高等院校 公共停车场 住宅,327,918,培训机构 展览馆 住宅区 住宅区 培训机构 培训机构 公司企业 公司 公司企业 停车场 自动提款机 自动提款机 学校 学校 学校 美容美发店 学校 停车场 住宅区 公司企业 生活服务场所 公司企业,17,536,-1,327,327,-1
18,1,18,欢乐大道辅道,20,114.375104306000000,30.591784854299998,5092,0.000018237969116,5092,5710,414629940,5111,motorway, , ,F,0,0.000000000000000,F,F,高架及快速路,310.479245680000020,1631,中国农业银行 中国农业银行ATM 公共厕所 中国农业银行ATM 中国农业银行 广告装饰 科教文化场所 经济型连锁酒店 经济型连锁酒店 政府及社会团体相关 公司企业 经济型连锁酒店 健身中心 公司,1309,193,银行 自动提款机 公共厕所 自动提款机 银行 公司 科教文化场所 宾馆酒店 宾馆酒店 政府及社会团体相关 公司企业 宾馆酒店 运动场馆 公司企业 餐饮相关场所 临街院门 停车场 停车场 停车场,18,1631,5,1309,1309,5
19,1,19,解放大道武展西路,8,114.266756482999990,30.582488160200000,2833,0.000058832389950,2833,3180,178441764,5115,tertiary,武展西路, ,F,0,0.000000000000000,F,F,城市次干道,401.589563531000010,1487,违章停车 餐饮相关 公共停车场 公共停车场 停车场入口 公共停车场 日本料理 超市 餐饮相关 快餐厅 交通服务相关 糕饼店 停车场相关 餐饮相关 中餐厅 停车场出入口 公共停车场 培训机构 中,1180,2168,警示信息 餐饮相关场所 停车场 停车场 停车场 停车场 外国餐厅 超级市场 餐饮相关场所 快餐厅 交通服务相关 糕饼店 停车场 餐饮相关场所 中餐厅 停车场 停车场 培训机构 中餐厅 停车场 临街,19,1487,6,1180,1180,6
20,1,20,青年路万松横路南向北,8,114.257775869000000,30.602915879800001,5935,0.000025232901048,5935,6711,481237362,5113,primary,青年路, ,F,0,0.000000000000000,F,F,城市主干道,627.605445088000010,1729,出版社 培训机构 证券营业厅 证券营业厅 生活服务场所 驾校 公司 驾校 餐饮相关 培训机构 培训机构 科教文化场所 出版社 科教文化场所 兴业银行ATM 生活服务场所 生活服务场所 培训机构 科,1391,509,传媒机构 培训机构 证券公司 证券公司 生活服务场所 驾校 公司 驾校 餐饮相关场所 培训机构 培训机构 科教文化场所 传媒机构 科教文化场所 自动提款机 生活服务场所 生活服务场所 培训机构,20,1729,-1,1391,1391,-1
21,1,21,黄鹂路至省博路转盘,10,114.358560216000000,30.566125152600002,3208,0.000019651117191,3208,3577,231778124,5115,tertiary, , ,F,0,-1.000000000000000,F,T,城市次干道,119.285372792000000,1322,运动场所 餐饮相关 中餐厅 临街院门 临街院门 健身中心 中餐厅 临街院门 宿舍 洗浴推拿场所 药房 交通服务相关 生活服务场所 KTV 公共停车场 宿舍 商务写字楼 临街院门 报社 临街院门 洗浴推,1034,495,运动场馆 餐饮相关场所 中餐厅 临街院门 临街院门 运动场馆 中餐厅 临街院门 住宅区 洗浴推拿场所 医药保健销售店 交通服务相关 生活服务场所 娱乐场所 停车场 住宅区 楼宇 临街院门 传媒,21,1322,-1,1034,1034,-1
22,1,22,高新区民族大道新竹路口12处,20,114.386311850000000,30.468758878599999,4965,0.009476489269430,4965,5546,379886766,5122,residential, , ,F,0,0.000000000000000,F,F,城市支路,106.504735232000000,108,公交车站相关 生活服务场所 游乐场 美容美发店 住宅小区 住宅区 公司 美容美发店 美容美发店 外国餐厅 网络科技 生活服务场所 生活服务场所 婴儿游泳馆 中餐厅 科教文化场所 特色/地方风味,38,147,公交车站 生活服务场所 休闲场所 美容美发店 住宅区 住宅区 公司 美容美发店 美容美发店 外国餐厅 公司 生活服务场所 生活服务场所 婴儿服务场所 中餐厅 科教文化场所 中餐厅 体育休闲服务,22,108,-1,38,38,-1
23,1,23,航空路西边人行道,4,114.256257301999990,30.587061422500000,2663,0.000018291832816,2663,2999,178132122,5115,tertiary,航空路, ,B,0,0.000000000000000,F,F,城市次干道,1343.341422519999900,1546,宿舍 住宅小区 宿舍 临街院门 中餐厅 中餐厅 住宅小区 中餐厅 中餐厅 生活服务场所 建筑公司 特色/地方风味餐厅 中学 网吧 科教文化场所 驾校 中餐厅 口腔医院 口腔医院 路边停车场 商务住,1232,990,住宅区 住宅区 住宅区 临街院门 中餐厅 中餐厅 住宅区 中餐厅 中餐厅 生活服务场所 公司 中餐厅 学校 娱乐场所 科教文化场所 驾校 中餐厅 专科医院 专科医院 停车场 商务住宅相关 临街院门,23,1546,-1,1232,1232,-1
24,1,24,洪山路东一路口,26,114.333586384000000,30.547884724500001,3880,0.000140599250338,3880,4287,236668625,5114,secondary, , ,F,0,0.000000000000000,F,F,城市主干道,57.453409909900003,1073,城市广场 城市广场 宿舍 旅游景点 甜品店 出入口 生活服务场所 中国工商银行ATM 美容美发店 餐饮相关 经济型连锁酒店 科教文化场所 出入口 出入口 餐饮相关 快餐厅 出入口 体育休闲服务场所,802,1324,公园广场 公园广场 住宅区 风景名胜相关 甜品店 地铁站 生活服务场所 自动提款机 美容美发店 餐饮相关场所 宾馆酒店 科教文化场所 地铁站 地铁站 餐饮相关场所 快餐厅 地铁站 体育休闲服务,24,1073,-1,802,802,-1
25,1,25,琴台大道江汉二桥通道,12,114.208938554000000,30.570172776800000,4915,0.000113010427395,4915,5494,369632011,5122,residential,永丰路, ,B,0,0.000000000000000,F,F,城市支路,917.708120456999950,1353,洗衣店 棋牌室 旅馆招待所 住宅小区 临街院正门 美容美发店 住宅小区 临街院门 乡镇级政府及事业单位 乡镇级政府及事业单位 住宅小区 交通服务相关 交通服务相关 传媒机构 住宅小区 邮局,1059,743,洗衣店 娱乐场所 旅馆招待所 住宅区 临街院门 美容美发店 住宅区 临街院门 政府机关 政府机关 住宅区 交通服务相关 交通服务相关 传媒机构 住宅区 邮局 银行 自动提款机 中介机构 邮局 自动,25,1353,5,1059,1059,5
26,1,26,四新南路新华园二路口,11,114.209720930000000,30.515683426399999,7365,0.000164306586248,7365,8416,721828543,5114,secondary, , ,F,0,0.000000000000000,F,F,城市主干道,3369.060310460000000,683,生活服务场所 生活服务场所 生活服务场所 美容美发店 广告装饰 生活服务场所 生活服务场所 公交车站相关 生活服务场所 生活服务场所 公交车站相关 公共厕所 中国石油 网吧 汽车服务相关,441,141,生活服务场所 生活服务场所 生活服务场所 美容美发店 公司 生活服务场所 生活服务场所 公交车站 生活服务场所 生活服务场所 公交车站 公共厕所 加油站 娱乐场所 汽车服务相关 住宅区 物流,26,683,4,441,441,4
27,1,27,南岸嘴,3,114.280051314000000,30.561910781100000,6545,0.000064400608766,6545,7435,591854721,5115,tertiary,晴川街, ,B,0,0.000000000000000,F,F,城市次干道,434.966595535000010,1246,公司 公司 交通管理机构 临街院门 公司 政府机关相关 风景名胜 旅游景点 交通管理机构 政府机关相关 加油站 道路附属设施 公园 路口名 公共厕所 生活服务场所 中餐厅 兴业银行ATM 日本料理,963,60,公司 公司 交通车辆管理 临街院门 公司 政府机关 风景名胜 风景名胜相关 交通车辆管理 政府机关 加油站 道路附属设施 公园广场 交通地名 公共厕所 生活服务场所 中餐厅 自动提款机 外国餐,27,1246,-1,963,963,-1
28,1,28,友谊大道长江隧道入口,13,114.325313482000000,30.574390471000001,6457,0.000347317781118,6457,7324,551384805,5113,primary,团结大道, ,F,0,0.000000000000000,F,F,城市主干道,1327.958432709999900,1377,酒吧 汽车配件销售 汽车养护 汽车养护 生活服务场所 汽车养护 汽车综合维修 茶艺馆 专用停车场 酒吧 休闲场所 停车场入口 停车场入口 专用停车场 临街院正门 住宅小区 住宅小区 专用停车场,1083,221,娱乐场所 汽车配件销售 汽车养护/装饰 汽车养护/装饰 生活服务场所 汽车养护/装饰 汽车综合维修 茶艺馆 停车场 娱乐场所 休闲场所 停车场 停车场 停车场 临街院门 住宅区 住宅区 停车场 美,28,1377,-1,1083,1083,-1
29,1,29,中华路粮食局,10,114.291671300000000,30.551831171000000,3318,0.000505657775771,3318,3698,231786680,5115,tertiary, , ,B,0,0.000000000000000,F,F,城市次干道,307.874558331000000,1126,生活服务场所 宾馆酒店 宾馆酒店 旅行社 中餐厅 临街院门 临街院门 美容美发店 快餐厅 住宅小区 金融保险机构 广告装饰 经济型连锁酒店 中餐厅 停车场相关 维修站点 停车场相关 临街院门,851,1152,生活服务场所 宾馆酒店 宾馆酒店 旅行社 中餐厅 临街院门 临街院门 美容美发店 快餐厅 住宅区 金融保险服务机构 公司 宾馆酒店 中餐厅 停车场 维修站点 停车场 临街院门 公交车站 住宅区 政,29,1126,-1,851,851,-1
30,1,30,小东门右转专用道,10,114.311034135000000,30.545300875100001,5287,0.000491536139626,5287,5934,455186807,5114,secondary,民主路, ,F,0,0.000000000000000,F,F,城市主干道,2146.655629190000100,1069,公共停车场 家居建材市场 公共停车场 生活服务场所 幼儿园 公共厕所 棋牌室 公司 建材五金市场 家具城 快餐厅 幼儿园 棋牌室 住宅小区 科教文化场所 中餐厅 洗衣店 住宅小区 药房 生活服务,798,954,停车场 家居建材市场 停车场 生活服务场所 学校 公共厕所 娱乐场所 公司 家居建材市场 家居建材市场 快餐厅 学校 娱乐场所 住宅区 科教文化场所 中餐厅 洗衣店 住宅区 医药保健销售店 生活,30,1069,4,798,798,4
31,1,31,东湖路,7,114.351999130000000,30.554029967100000,3198,0.000039204880458,3198,3567,231778113,5113,primary,东湖路, ,F,0,0.000000000000000,F,F,城市主干道,2814.008893579999900,1138,住宅小区 住宅小区 中餐厅 宾馆酒店 公司 洗浴推拿场所 政府机关相关 职业技术学校 公共停车场 公共停车场 公共停车场 临街院门 商务写字楼 临街院正门 公共停车场 高等院校 运动场所 海鲜,863,93,住宅区 住宅区 中餐厅 宾馆酒店 公司 洗浴推拿场所 政府机关 学校 停车场 停车场 停车场 临街院门 楼宇 临街院门 停车场 学校 运动场馆 中餐厅 外国餐厅 住宿服务相关 宾馆酒店 住宅区 公园,31,1138,-1,863,863,-1
32,1,32,洪山区二环线梨园医院处进入梨园下穿通道,10,114.373044034000000,30.584691378599999,5170,0.000615474680462,5170,5790,425879111,5131,motorway_link, , ,F,0,0.000000000000000,F,F,高架及快速路,455.272604907000020,1508,美容美发店 美容美发店 宿舍 路边停车场 宿舍 宿舍 宿舍 宿舍 宿舍 宿舍 宿舍 宿舍 中餐厅 专科医院 医疗保健服务场所 建筑物门 三级甲等医院 医疗保健服务场所 自动提款机 公共停车场 急救,1201,175,美容美发店 美容美发店 住宅区 停车场 住宅区 住宅区 住宅区 住宅区 住宅区 住宅区 住宅区 住宅区 中餐厅 专科医院 医疗保健服务场所 建筑物门 综合医院 医疗保健服务场所 自动提款机 停车,32,1508,6,1201,1201,6
33,1,33,梅苑路中南路街道办事处门口,10,114.319286027999990,30.533951207900000,104,0.000246646184499,104,130,70203381,5115,tertiary,梅苑路, ,B,0,0.000000000000000,F,F,城市次干道,731.786125098999950,888,临街院正门 维修站点 维修站点 中餐厅 宾馆酒店 杂志社 中餐厅 社会团体相关 旅馆招待所 省直辖市级政府及事业单位 省直辖市级政府及事业单位 消防机关 宾馆酒店 经济型连锁酒店 公司企业,628,697,临街院门 维修站点 维修站点 中餐厅 宾馆酒店 传媒机构 中餐厅 社会团体 旅馆招待所 政府机关 政府机关 公检法机构 宾馆酒店 宾馆酒店 公司企业 商务住宅相关 社会团体 报刊亭 科研机构 住,33,888,-1,628,628,-1
34,1,34,书卷路公正路路口,10,114.326007605000000,30.558595272800002,4853,0.000047084373705,4853,5402,363719763,5115,tertiary,书卷路, ,B,0,0.000000000000000,F,F,城市次干道,264.534053417000000,1194,临街院门 生活服务场所 生活服务场所 图书馆 图书馆 美容美发店 公共停车场 专用停车场 公交车站相关 临街院正门 公交车站相关 政府及社会团体相关 政府及社会团体相关 省直辖市级政府及,915,75,临街院门 生活服务场所 生活服务场所 图书馆 图书馆 美容美发店 停车场 停车场 公交车站 临街院门 公交车站 政府及社会团体相关 政府及社会团体相关 政府机关 生活服务场所 停车场 停车场,34,1194,5,915,915,5
35,1,35,公正路涵洞,10,114.324789696000000,30.557677708500002,5929,0.000006120215863,5929,6703,481235859,5114,secondary,公正路, ,F,0,0.000000000000000,F,F,城市主干道,2654.989741899999900,1194,临街院门 生活服务场所 生活服务场所 图书馆 图书馆 美容美发店 公共停车场 专用停车场 公交车站相关 临街院正门 公交车站相关 政府及社会团体相关 政府及社会团体相关 省直辖市级政府及,915,75,临街院门 生活服务场所 生活服务场所 图书馆 图书馆 美容美发店 停车场 停车场 公交车站 临街院门 公交车站 政府及社会团体相关 政府及社会团体相关 政府机关 生活服务场所 停车场 停车场,35,1194,5,915,915,5
36,1,36,中南路下徐家湾,10,114.329999449000000,30.538850853000000,5323,0.000671434501247,5323,5972,455322016,5122,residential, , ,B,0,0.000000000000000,F,F,城市支路,805.017370345000020,951,纪念馆 纪念馆 纪念馆 茶艺馆 溜冰场 健身中心 溜冰场 健身中心 游泳馆 住宅区 陵园 住宅区 公共厕所 住宅小区 医疗保健服务场所 生活服务场所 餐饮相关 生活服务场所 培训机构 培训机构 临,687,222,风景名胜 风景名胜 风景名胜 茶艺馆 运动场馆 运动场馆 运动场馆 运动场馆 运动场馆 住宅区 丧葬设施 住宅区 公共厕所 住宅区 医疗保健服务场所 生活服务场所 餐饮相关场所 生活服务场所,36,951,5,687,687,5
37,1,37,107国道海波重科口,29,114.377250530000000,30.531837834800001,1414,0.000376610551071,1414,1581,112939008,5115,tertiary,东湖东路, ,B,0,0.000000000000000,F,F,城市次干道,3033.344290980000100,899,驾校 临街院门 公司 临街院门 公司 立交桥 驾校 驾校 驾校 汽车维修 公司企业 驾校 汽车养护,639,13,驾校 临街院门 公司 临街院门 公司 交通地名 驾校 驾校 驾校 汽车维修 公司企业 驾校 汽车养护/装饰,37,899,-1,639,639,-1
38,1,38,青年路万松园横路,8,114.256356979000000,30.590600173900000,2843,0.000020062140191,2843,3192,178443584,5115,tertiary,万松园横路, ,B,0,0.000000000000000,F,F,城市次干道,339.879851219999980,1607,路边停车场 宾馆酒店 公共停车场 商务写字楼 药房 中国建设银行ATM 商务住宅相关 停车场相关 药房 政府及社会团体相关 药房 住宅区 中国建设银行ATM 餐饮相关 中国建设银行 生活服务场所 餐,1285,1147,停车场 宾馆酒店 停车场 楼宇 医药保健销售店 自动提款机 商务住宅相关 停车场 医药保健销售店 政府及社会团体相关 医药保健销售店 住宅区 自动提款机 餐饮相关场所 银行 生活服务场所 餐,38,1607,4,1285,1285,4
39,1,39,洪山区南李路,4,114.308026993000000,30.501915041099998,3502,0.000700285997816,3502,3888,231808165,5114,secondary,恒安路, ,F,0,0.000000000000000,F,F,城市主干道,923.870762269000010,519,科教文化场所 临街院门 洗衣店 医疗保健用品 培训机构 洗衣店 洗衣店 培训机构 生活服务场所 洗浴推拿场所 医疗保健服务场所 洗浴推拿场所 公共停车场 住宅小区 生活服务场所 生活服务场,310,462,科教文化场所 临街院门 洗衣店 医药保健销售店 培训机构 洗衣店 洗衣店 培训机构 生活服务场所 洗浴推拿场所 医疗保健服务场所 洗浴推拿场所 停车场 住宅区 生活服务场所 生活服务场所 餐,39,519,4,310,310,4
40,1,40,尤李村南国大家装下桥处,10,114.345160279000000,30.515869051900001,279,0.000291828685995,279,313,98965439,5113,primary,珞狮路, ,F,0,0.000000000000000,F,F,城市主干道,1280.533987080000100,710,科研机构 科研机构 科研机构 学校 高等院校 科研机构 住宅小区 中学 中学 生活服务场所 高等院校 住宅小区 宿舍 临街院门 科教文化场所 高等院校 生活服务场所 住宅小区 临街院门 住宅小区,468,824,科研机构 科研机构 科研机构 学校 学校 科研机构 住宅区 学校 学校 生活服务场所 学校 住宅区 住宅区 临街院门 科教文化场所 学校 生活服务场所 住宅区 临街院门 住宅区 建筑物门 生活服务,40,710,2,468,468,2
41,1,41,龙翔路车友路,12,114.189719819999990,30.545239427500000,5581,0.003723161248940,5581,6329,457309845,5113,primary, , ,F,0,0.000000000000000,F,F,城市主干道,4352.493614930000100,1045,医药公司 医药公司 药房 医疗保健用品 医疗保健用品 医疗保健用品 医疗保健用品 医药公司 医药公司 医药公司 公共停车场 产业园区 路边停车场 公共停车场 公司 中餐厅 医药公司 物流速递,774,238,公司 公司 医药保健销售店 医药保健销售店 医药保健销售店 医药保健销售店 医药保健销售店 公司 公司 公司 停车场 产业园区 停车场 停车场 公司 中餐厅 公司 物流速递 医药保健销售店 汽车,41,1045,-1,774,774,-1
42,1,42,沙湖果批小路,10,114.283648399000000,30.485631266300000,3104,0.000865628637387,3104,3473,231436850,5115,tertiary,白沙二路, ,F,0,0.000000000000000,F,F,城市次干道,1082.947059430000100,331,生活服务场所 生活服务场所 住宿服务相关 宾馆酒店 中餐厅 KTV 经济型连锁酒店 经济型连锁酒店 医疗保健用品 医疗保健用品 医疗保健用品 宾馆酒店 宾馆酒店 餐饮相关 中餐厅 宾馆酒店 医疗,170,211,生活服务场所 生活服务场所 住宿服务相关 宾馆酒店 中餐厅 娱乐场所 宾馆酒店 宾馆酒店 医药保健销售店 医药保健销售店 医药保健销售店 宾馆酒店 宾馆酒店 餐饮相关场所 中餐厅 宾馆酒店,42,331,-1,170,170,-1
43,1,43,卓刀泉北路,20,114.370153216000010,30.531451632900001,1756,0.000035849232546,1756,1948,127024099,5115,tertiary,卓刀泉北路, ,F,0,0.000000000000000,F,F,城市次干道,795.826060974000030,898,公共停车场 公共停车场 中餐厅 中餐厅 驾校 中餐厅 中餐厅 特色/地方风味餐厅 网吧 宾馆酒店 体育休闲服务场所 洗浴推拿场所 旅游景点 生活服务场所 洗浴推拿场所 美容美发店 冷饮店 生活,638,382,停车场 停车场 中餐厅 中餐厅 驾校 中餐厅 中餐厅 中餐厅 娱乐场所 宾馆酒店 体育休闲服务场所 洗浴推拿场所 风景名胜相关 生活服务场所 洗浴推拿场所 美容美发店 冷饮店 生活服务场所 餐,43,898,6,638,638,6
44,1,44,王家湾往知音桥方向,15,114.219094497000000,30.565583394699999,1875,0.000498929676559,1875,2077,132905551,5122,residential, , ,B,0,0.000000000000000,F,F,城市支路,306.660030381000010,1294,中学 临街院门 临街院门 商务住宅相关 中餐厅 汽车综合维修 汽车综合维修 维修站点 商务住宅相关 小学 停车场相关 中国石油 中餐厅 小学 中餐厅 中国石油 洗衣店 汽车养护 幼儿园 药房 临街,1006,325,学校 临街院门 临街院门 商务住宅相关 中餐厅 汽车综合维修 汽车综合维修 维修站点 商务住宅相关 学校 停车场 加油站 中餐厅 学校 中餐厅 加油站 洗衣店 汽车养护/装饰 学校 医药保健销售店,44,1294,-1,1006,1006,-1
45,1,45,琴断口南岸116号,4,114.175768113999990,30.585541099400000,7839,0.000327551160899,7839,9025,766387524,5115,tertiary,郭茨口路, ,B,0,0.000000000000000,F,F,城市次干道,13986.229512800001000,1530,度假村 住宅小区 公交车站相关 公交车站相关,1216,4,度假疗养场所 住宅区 公交车站 公交车站,45,1530,2,1216,1216,2
46,1,46,二环线未来城上下桥匝道,14,114.348072208999990,30.527097924000000,2286,0.000764683656036,2286,2543,171735080,5122,residential,群光南路, ,F,0,0.000000000000000,F,F,城市支路,294.453168559999990,832,酒吧 运动场所 餐饮相关 餐饮相关 中餐厅 酒吧 KTV 中餐厅 咖啡厅 中餐厅 生活服务场所 物流速递 生活服务场所 彩票彩券销售点 生活服务场所 生活服务场所 湖南菜(湘菜) 生活服务场所 酒吧,576,2605,娱乐场所 运动场馆 餐饮相关场所 餐饮相关场所 中餐厅 娱乐场所 娱乐场所 中餐厅 咖啡厅 中餐厅 生活服务场所 物流速递 生活服务场所 彩票彩券销售点 生活服务场所 生活服务场所 中餐厅 生,46,832,-1,576,576,-1
47,1,47,雄楚大道高架,10,114.351306589999990,30.512438160999999,3463,0.000088184405797,3463,3849,231805330,5113,primary,雄楚大道, ,F,0,0.000000000000000,F,F,城市主干道,1899.497948900000000,650,汽车养护 汽车维修 汽车配件销售 商务写字楼 公交车站相关 停车场出口 临街院门 公共停车场 公共停车场 公共停车场 交通服务相关 中国民生银行 中国民生银行ATM 宾馆酒店 美容美发店 公司,418,377,汽车养护/装饰 汽车维修 汽车配件销售 楼宇 公交车站 停车场 临街院门 停车场 停车场 停车场 交通服务相关 银行 自动提款机 宾馆酒店 美容美发店 公司企业 银行 楼宇 楼宇 诊所 宾馆酒店 售,47,650,-1,418,418,-1
48,1,48,建一路沿河大道至解放大道,36,114.276031371000000,30.587008526799998,7957,0.000000989580161,7957,9167,772925968,5113,primary,解放大道, ,F,0,0.000000000000000,F,F,城市主干道,272.378758220000010,1550,临街院门 交通服务相关 综合医院 生活服务场所 公交车站相关 药房 公交车站相关 临街院门 公交车站相关 中学 医疗保健服务场所 生活服务场所 公司企业 通行设施 临街院门 餐饮相关 餐饮相,1236,1242,临街院门 交通服务相关 综合医院 生活服务场所 公交车站 医药保健销售店 公交车站 临街院门 公交车站 学校 医疗保健服务场所 生活服务场所 公司企业 通行设施 临街院门 餐饮相关场所 餐饮,48,1550,-1,1236,1236,-1
49,1,49,尚文路,20,114.380319489000000,30.506051832899999,829,0.000173944679330,829,953,104469110,5122,residential,尚文路, ,B,0,0.000000000000000,F,F,城市支路,371.487925728999980,595,路边停车场 公共停车场 生活服务场所 临街院门 路边停车场 生活服务场所 洗衣店 医疗保健服务场所 中介机构 彩票彩券销售点 彩票彩券销售点 餐饮相关 生活服务场所 驾校 驾校 临街院门 生,374,643,停车场 停车场 生活服务场所 临街院门 停车场 生活服务场所 洗衣店 医疗保健服务场所 中介机构 彩票彩券销售点 彩票彩券销售点 餐饮相关场所 生活服务场所 驾校 驾校 临街院门 生活服务场,49,595,-1,374,374,-1
50,1,50,南安街米兰国际路段,2,114.312622501000010,30.526728705200000,961,0.000055919689004,961,1090,105569023,5115,tertiary,南安街, ,B,0,0.000000000000000,F,F,城市次干道,503.421372082999990,825,中餐厅 住宿服务相关 住宅小区 美容美发店 中餐厅 彩票彩券销售点 生活服务场所 彩票彩券销售点 商务住宅相关 中餐厅 住宅小区 临街院门 中餐厅 住宅区 洗浴推拿场所 旅馆招待所 住宿服务,569,618,中餐厅 住宿服务相关 住宅区 美容美发店 中餐厅 彩票彩券销售点 生活服务场所 彩票彩券销售点 商务住宅相关 中餐厅 住宅区 临街院门 中餐厅 住宅区 洗浴推拿场所 旅馆招待所 住宿服务相关,50,825,6,569,569,6
51,1,51,洪山路省政府往东一路,5,114.337510488000010,30.545009339600000,45,0.000080314246771,45,61,46736242,5114,secondary,东一路, ,B,0,0.000000000000000,F,F,城市主干道,742.354332589000020,1074,商务住宅相关 旅行社 旅行社 公共停车场 省直辖市级政府及事业单位 快餐厅 商务住宅相关 停车场出入口 旅行社 停车场相关 专用停车场 省直辖市级政府及事业单位 生活服务场所 省直辖市级,803,1254,商务住宅相关 旅行社 旅行社 停车场 政府机关 快餐厅 商务住宅相关 停车场 旅行社 停车场 停车场 政府机关 生活服务场所 政府机关 政府机关 政府机关 政府机关 政府机关 停车场 旅行社 医药,51,1074,5,803,803,5
52,1,52,汉江北路泰佛工业园路口,12,114.273118051000000,30.591614388699998,2604,0.000132015574283,2604,2940,177820523,5114,secondary,江汉北路, ,F,0,0.000000000000000,F,F,城市主干道,1402.746554070000000,1610,美容美发店 商务写字楼 培训机构 科研机构 金融保险机构 餐饮相关 金融保险机构 金融保险机构 广告装饰 公司 机械电子 公司 广告装饰 商业贸易 科研机构 培训机构 金融保险机构 金融保险机,1288,1468,美容美发店 楼宇 培训机构 科研机构 金融保险服务机构 餐饮相关场所 金融保险服务机构 金融保险服务机构 公司 公司 公司 公司 公司 公司 科研机构 培训机构 金融保险服务机构 金融保险服务,52,1610,-1,1288,1288,-1
53,1,53,汉江武汉段,5,114.277819315000000,30.576308825400002,2410,0.000308847877090,2410,2735,177263213,5122,residential,清芬一路, ,B,0,0.000000000000000,F,F,城市支路,428.229177557000010,1428,成人教育 成人教育 区县级政府及事业单位 成人教育 成人教育 成人教育 学校 住宅小区 物流速递 四星级宾馆 成人教育 中餐厅 临街院门 生活服务场所 综合酒楼 湖南菜(湘菜) 公司 特色/地方风,1128,2059,学校 学校 政府机关 学校 学校 学校 学校 住宅区 物流速递 宾馆酒店 学校 中餐厅 临街院门 生活服务场所 中餐厅 中餐厅 公司 中餐厅 住宅区 住宅区 住宅区 临街院门 临街院门 中餐厅 宾馆酒,53,1428,-1,1128,1128,-1
54,1,54,康福路天龙路口,10,114.361752102000000,30.503221311699999,419,0.000044850617565,419,498,99478605,5115,tertiary,康福路, ,B,0,0.000000000000000,F,F,城市次干道,404.546205198000000,530,驾校 路边停车场 公共停车场 驾校 公共停车场 临街院门 公共停车场 公共停车场 驾校 中学 汽车服务相关 中学 中餐厅 中餐厅 医疗保健服务场所 专用停车场 中餐厅 社会团体相关 专用停车场,321,436,驾校 停车场 停车场 驾校 停车场 临街院门 停车场 停车场 驾校 学校 汽车服务相关 学校 中餐厅 中餐厅 医疗保健服务场所 停车场 中餐厅 社会团体 停车场 停车场 停车场 培训机构 生活服务场,54,530,-1,321,321,-1
55,1,55,长江汉口站,5,114.275730919000000,30.580902210200001,2456,0.000049900641818,2456,2781,177621046,5122,residential,民主街, ,B,0,0.000000000000000,F,F,城市支路,602.573510105999960,1489,生活服务场所 生活服务场所 生活服务场所 路边停车场 公共停车场 生活服务场所 生活服务场所 生活服务场所 生活服务场所 生活服务场所 经济型连锁酒店 住宅小区 临街院门 临街院门 公司,1182,1881,生活服务场所 生活服务场所 生活服务场所 停车场 停车场 生活服务场所 生活服务场所 生活服务场所 生活服务场所 生活服务场所 宾馆酒店 住宅区 临街院门 临街院门 公司 住宿服务相关 生活,55,1489,4,1182,1182,4
56,1,56,梨园下穿通道,167,114.299556231000000,30.595209864200001,2763,0.000555723832242,2763,3103,178329464,5113,primary,沿江大道, ,F,0,0.000000000000000,F,F,城市主干道,2942.367009189999900,1677,公共停车场 公共停车场 临街院门 临街院门 保险公司 保险公司 旅行社 医疗保健用品 生活服务场所 美容美发店 旅行社 公司企业 生活服务场所 住宿服务相关 中餐厅 中餐厅 公共停车场 公共停,1347,581,停车场 停车场 临街院门 临街院门 保险公司 保险公司 旅行社 医药保健销售店 生活服务场所 美容美发店 旅行社 公司企业 生活服务场所 住宿服务相关 中餐厅 中餐厅 停车场 停车场 生活服务,56,1677,-1,1347,1347,-1
57,1,57,汉阳区自力二街鹦鹉小道,10,114.257562136999990,30.531821829999998,3602,0.000458070977042,3602,4005,233478900,5114,secondary,鹦鹉大道, ,B,0,0.000000000000000,F,F,城市主干道,6092.375444010000100,875,KTV KTV 茶艺馆 特色/地方风味餐厅 金融保险机构 美容美发店 生活服务 路边停车场 餐饮相关 药房 美容美发店 网吧 棋牌室 公共停车场 棋牌室 网吧 宾馆酒店 邮局 中国邮政储蓄银行 综合酒楼,615,442,娱乐场所 娱乐场所 茶艺馆 中餐厅 金融保险服务机构 美容美发店 生活服务场所 停车场 餐饮相关场所 医药保健销售店 美容美发店 娱乐场所 娱乐场所 停车场 娱乐场所 娱乐场所 宾馆酒店 邮局,57,875,4,615,615,4
58,1,58,硃山湖南路京珠涵洞,2,114.379084314000000,30.481402200300000,438,0.004508910055060,438,517,99483515,5121,unclassified, , ,B,0,0.000000000000000,F,F,城市支路,96.508697448700005,289,公交车站相关 临街院门 汽车维修 汽车综合维修 汽车配件销售 旅馆招待所 中餐厅 科研机构 科研机构 培训机构 培训机构 路边停车场 旅馆招待所 旅馆招待所 旅馆招待所 住宅小区 建筑物门 青,146,277,公交车站 临街院门 汽车维修 汽车综合维修 汽车配件销售 旅馆招待所 中餐厅 科研机构 科研机构 培训机构 培训机构 停车场 旅馆招待所 旅馆招待所 旅馆招待所 住宅区 建筑物门 旅馆招待所,58,289,6,146,146,6
59,1,59,友谊大道车管所门口,20,114.369215667000010,30.616401320200001,5841,0.000004654198412,5841,6613,458084224,5113,primary,友谊大道, ,F,0,0.000000000000000,F,F,城市主干道,4728.757484660000000,1934,住宅小区 生活服务场所 住宅小区 物流速递 宠物诊所 诊所 宠物诊所 临街院门 培训机构 物流速递 报社 培训机构 烟酒专卖店 临街院门 美容美发店 外国餐厅 检察院 住宅小区 冷饮店 摄影冲印,1575,571,住宅区 生活服务场所 住宅区 物流速递 动物医疗场所 诊所 动物医疗场所 临街院门 培训机构 物流速递 传媒机构 培训机构 专卖店 临街院门 美容美发店 外国餐厅 公检法机构 住宅区 冷饮店 摄,59,1934,-1,1575,1575,-1
60,1,60,欢乐大道东湖庭院,12,114.373281148999990,30.592696081700002,3845,0.001453665467870,3845,4251,236665023,5113,primary,欢乐大道, ,F,0,0.000000000000000,F,F,城市主干道,2650.859256650000100,1630,科教文化场所 培训机构 物流速递 政府机关相关 政府机关相关 政府机关相关 政府机关相关 政府机关相关 网吧 网吧 临街院门 汽车维修 临街院门 三星级宾馆 三星级宾馆 洗衣店 政府机关相关,1308,132,科教文化场所 培训机构 物流速递 政府机关 政府机关 政府机关 政府机关 政府机关 娱乐场所 娱乐场所 临街院门 汽车维修 临街院门 宾馆酒店 宾馆酒店 洗衣店 政府机关 培训机构 汽车综合维,60,1630,-1,1308,1308,-1
61,1,61,落雁路涵洞,5,114.417575462000000,30.581829738000000,91,0.000038819300779,91,113,55211502,5121,unclassified,落雁路, ,B,0,0.000000000000000,F,F,城市支路,4394.342628559999900,1517,公交车站相关 公交车站相关 公司 培训机构 培训机构 科教文化场所 临街院门 青年旅舍 培训机构 中餐厅 维修站点 临街院门 驾校 培训机构 临街院门 汽车养护 KTV 培训机构 培训机构 培训机构,1210,67,公交车站 公交车站 公司 培训机构 培训机构 科教文化场所 临街院门 旅馆招待所 培训机构 中餐厅 维修站点 临街院门 驾校 培训机构 临街院门 汽车养护/装饰 娱乐场所 培训机构 培训机构 培训,61,1517,-1,1210,1210,-1
62,1,62,汉西路解放大道至沿河大道,11,114.226023445000000,30.575045826800000,2391,0.000053901324729,2391,2715,177261200,5114,secondary,沿河大道, ,F,0,0.000000000000000,F,F,城市主干道,5353.255427500000200,1418,美容美发店 彩票彩券销售点 美容美发店 美容美发店 洗浴推拿场所 美容美发店 美容美发店 物流速递 物流速递 生活服务场所 物流速递 生活服务场所 生活服务场所 物流速递 物流速递 乡镇以,1118,355,美容美发店 彩票彩券销售点 美容美发店 美容美发店 洗浴推拿场所 美容美发店 美容美发店 物流速递 物流速递 生活服务场所 物流速递 生活服务场所 生活服务场所 物流速递 物流速递 政府机,62,1418,4,1118,1118,4
63,1,63,光谷大道,36,114.221267862000000,30.559657279200000,5337,0.000264459538086,5337,5987,455519133,5113,primary,汉阳大道, ,F,0,0.000000000000000,F,F,城市主干道,3509.261324010000000,1173,诊所 果品市场 餐饮相关 生活服务场所 旅行社 餐饮相关 诊所 餐饮相关 中介机构 餐饮相关 住宅区 临街院门 快餐厅 餐饮相关 餐饮相关 药房 旅馆招待所 农副产品市场 旅馆招待所 报刊亭 药房,894,820,诊所 综合市场 餐饮相关场所 生活服务场所 旅行社 餐饮相关场所 诊所 餐饮相关场所 中介机构 餐饮相关场所 住宅区 临街院门 快餐厅 餐饮相关场所 餐饮相关场所 医药保健销售店 旅馆招待所,63,1173,6,894,894,6
64,1,64,软件园中路交通银行对面,10,114.397223575000000,30.477915700800001,4081,0.000078595324152,4081,4504,240970201,5114,secondary, , ,B,0,0.000000000000000,F,F,城市主干道,803.338949546999970,232,美容美发店 茶餐厅 美容美发店 棋牌室 中餐厅 美容美发店 中餐厅 餐饮相关 中餐厅 生活服务场所 科教文化场所 药房 健身中心 棋牌室 机械电子 生活服务场所 美容美发店 专用停车场 中餐厅,110,587,美容美发店 快餐厅 美容美发店 娱乐场所 中餐厅 美容美发店 中餐厅 餐饮相关场所 中餐厅 生活服务场所 科教文化场所 医药保健销售店 运动场馆 娱乐场所 公司 生活服务场所 美容美发店 停车,64,232,6,110,110,6
65,1,65,解放大道单洞路,8,114.276671007000000,30.586038176100001,2464,0.000070343405196,2464,2789,177624353,5114,secondary,单洞路, ,B,0,0.000000000000000,F,F,城市主干道,305.747907263999990,1550,临街院门 交通服务相关 综合医院 生活服务场所 公交车站相关 药房 公交车站相关 临街院门 公交车站相关 中学 医疗保健服务场所 生活服务场所 公司企业 通行设施 临街院门 餐饮相关 餐饮相,1236,1242,临街院门 交通服务相关 综合医院 生活服务场所 公交车站 医药保健销售店 公交车站 临街院门 公交车站 学校 医疗保健服务场所 生活服务场所 公司企业 通行设施 临街院门 餐饮相关场所 餐饮,65,1550,-1,1236,1236,-1
66,1,66,武昌区友谊大道长江隧道口,14,114.314473502000000,30.570092429999999,3635,0.000297207189085,3635,4040,233487209,5113,primary,友谊大道, ,F,0,0.000000000000000,F,F,城市主干道,1029.224255789999900,1375,路口名 临街院门 住宅小区 临街院门 住宅小区 收费站 临街院门 建筑公司 政府及社会团体相关 政府及社会团体相关 政府及社会团体相关 政府及社会团体相关 政府及社会团体相关 生活服务场,1081,42,交通地名 临街院门 住宅区 临街院门 住宅区 收费站 临街院门 公司 政府及社会团体相关 政府及社会团体相关 政府及社会团体相关 政府及社会团体相关 政府及社会团体相关 生活服务场所 金融,66,1375,5,1081,1081,5
67,1,67,虎泉街东新辖区双向,55,114.373962236000000,30.508025562499999,3160,0.000043762881288,3160,3529,231525035,5114,secondary,虎泉街, ,F,0,0.000000000000000,F,F,城市主干道,1825.984243050000000,593,公交车站相关 家居建材市场 综合医院 交通服务相关 中国农业银行 药房 临街院门 药房 摄影冲印 停车场出入口 综合医院 科研机构 综合医院 餐饮相关 临街院门 科研机构 摄影冲印 公交车站相,372,1197,公交车站 家居建材市场 综合医院 交通服务相关 银行 医药保健销售店 临街院门 医药保健销售店 摄影冲印店 停车场 综合医院 科研机构 综合医院 餐饮相关场所 临街院门 科研机构 摄影冲印店,67,593,4,372,372,4
68,1,68,三环线内环新华村天桥段,20,114.188758236000000,30.525934365400001,1932,0.004355267994390,1932,2144,139708473,5114,secondary, , ,F,0,0.000000000000000,F,F,城市主干道,2757.294042500000200,800,幼儿园 洗浴推拿场所 临街院门 诊所 药房 幼儿园 住宅区 政府及社会团体相关 科教文化场所 驾校 临街院门 专用停车场 公共停车场 汽车综合维修 冷饮店 中餐厅 冷饮店 四川菜(川菜) 餐饮相关,544,237,学校 洗浴推拿场所 临街院门 诊所 医药保健销售店 学校 住宅区 政府及社会团体相关 科教文化场所 驾校 临街院门 停车场 停车场 汽车综合维修 冷饮店 中餐厅 冷饮店 中餐厅 餐饮相关场所 生,68,800,-1,544,544,-1
69,1,69,汉阳东部,2,114.213544203000000,30.556360893699999,400,0.000179438833892,400,477,99461964,5121,unclassified, , ,B,0,0.000000000000000,F,F,城市支路,371.447041085000020,1171,临街院正门 临街院正门 公交车站相关 公交车站相关 住宅小区 餐饮相关 中学 中国建设银行ATM 农村商业银行 农村商业银行ATM 中餐厅 快餐厅 超市 茶餐厅 中餐厅 快餐厅 餐饮相关 餐饮相关 汽,892,433,临街院门 临街院门 公交车站 公交车站 住宅区 餐饮相关场所 学校 自动提款机 银行 自动提款机 中餐厅 快餐厅 超级市场 快餐厅 中餐厅 快餐厅 餐饮相关场所 餐饮相关场所 汽车维修 公司企业,69,1171,-1,892,892,-1
70,1,70,建一路东侧翼道渍,24,114.365621151000000,30.626297999900000,1004,0.000099343256615,1004,1137,105737890,5114,secondary,建设一路, ,F,0,0.000000000000000,F,F,城市主干道,2241.407510110000200,2056,紧急避难场所 高等院校 楼栋号 宿舍 宿舍 宿舍 综合体育馆 建筑物门 宿舍 综合体育馆 行业协会 专用停车场 建筑物门 运动场所 休闲场所 楼栋号 楼栋号 宿舍 楼栋号 楼栋号 临街院门 楼栋号,1671,960,紧急避难场所 学校 门牌信息 住宅区 住宅区 住宅区 运动场馆 建筑物门 住宅区 运动场馆 社会团体 停车场 建筑物门 运动场馆 休闲场所 门牌信息 门牌信息 住宅区 门牌信息 门牌信息 临街院门,70,2056,4,1671,1671,4
71,1,71,汉南路高公街,24,114.273754589000010,30.562039786400000,4918,0.000042100554866,4918,5497,372661429,5115,tertiary,汉南路, ,B,0,0.000000000000000,F,F,城市次干道,1932.503363560000000,1244,公共厕所 旅游景点 临街院门 驾校 休闲场所 驾校 生活服务场所 生活服务场所 生活服务场所 公交车站相关 公交车站相关 中餐厅 临街院门 驾校 港口码头 公司 港口码头 临街院门 临街院门 社,961,221,公共厕所 风景名胜相关 临街院门 驾校 休闲场所 驾校 生活服务场所 生活服务场所 生活服务场所 公交车站 公交车站 中餐厅 临街院门 驾校 港口码头 公司 港口码头 临街院门 临街院门 公检法,71,1244,-1,961,961,-1
72,1,72,文化宫西路口,12,114.308212638000000,30.567792388899999,5166,0.000532702526494,5166,5786,424212411,5115,tertiary, , ,B,0,0.000000000000000,F,F,城市次干道,436.886496003999980,1312,楼栋号 家具城 药房 特色/地方风味餐厅 中餐厅 摄影冲印 楼栋号 文化宫 公交车站相关 生活服务场所 旅馆招待所 楼栋号 楼栋号 临街院门 快餐厅 中餐厅 美容美发店 美容美发店 药房 旅行社,1024,876,门牌信息 家居建材市场 医药保健销售店 中餐厅 中餐厅 摄影冲印店 门牌信息 文化宫 公交车站 生活服务场所 旅馆招待所 门牌信息 门牌信息 临街院门 快餐厅 中餐厅 美容美发店 美容美发店,72,1312,4,1024,1024,4
73,1,73,月湖桥双侧下桥处,15,114.244934873000010,30.569700589200000,5378,0.000000748550907,5378,6066,456043506,5114,secondary,沿河大道, ,F,0,0.000000000000000,F,F,城市主干道,3920.317312029999800,1300,医疗保健服务场所 幼儿园 路边停车场 医疗保健用品 临街院门 公司企业 住宅小区 公司 住宅区 行业协会 公司 中餐厅 临街院正门 公检法机关 临街院正门 物流速递 风景名胜 幼儿园 洗衣店 生,1012,194,医疗保健服务场所 学校 停车场 医药保健销售店 临街院门 公司企业 住宅区 公司 住宅区 社会团体 公司 中餐厅 临街院门 公检法机构 临街院门 物流速递 风景名胜 学校 洗衣店 生活服务场所 汽,73,1300,-1,1012,1012,-1
74,1,74,和平大道三弓路路口,12,114.365288569000000,30.619754556600000,2967,0.000047312110609,2967,3325,205306332,5114,secondary,三弓路, ,B,0,0.000000000000000,F,F,城市主干道,1018.412881430000000,1934,住宅小区 生活服务场所 住宅小区 物流速递 宠物诊所 诊所 宠物诊所 临街院门 培训机构 物流速递 报社 培训机构 烟酒专卖店 临街院门 美容美发店 外国餐厅 检察院 住宅小区 冷饮店 摄影冲印,1575,571,住宅区 生活服务场所 住宅区 物流速递 动物医疗场所 诊所 动物医疗场所 临街院门 培训机构 物流速递 传媒机构 培训机构 专卖店 临街院门 美容美发店 外国餐厅 公检法机构 住宅区 冷饮店 摄,74,1934,-1,1575,1575,-1
75,1,75,公正路省图书馆门口,10,114.300871136000000,30.548454397699999,3240,0.000699512999409,3240,3610,231778171,5114,secondary,民主路, ,F,0,0.000000000000000,F,F,城市主干道,2142.563453809999800,1067,中国建设银行ATM 生活服务场所 生活服务场所 生活服务场所 生活服务场所 生活服务场所 生活服务场所 路边停车场 生活服务场所 服装鞋帽皮具店 口腔医院 生活服务场所 生活服务场所 生活服,796,1083,自动提款机 生活服务场所 生活服务场所 生活服务场所 生活服务场所 生活服务场所 生活服务场所 停车场 生活服务场所 服装鞋帽皮具店 专科医院 生活服务场所 生活服务场所 生活服务场所 生,75,1067,4,796,796,4
76,1,76,春蕾路水果湖高中,10,114.340880200000000,30.551489512800000,6565,0.000814673915164,6565,7464,607697635,5122,residential, , ,B,0,0.000000000000000,F,F,城市支路,389.269493259999990,1136,咖啡厅 住宅小区 临街院门 生活服务场所 餐饮相关 中餐厅 专科医院 中学 临街院门 路边停车场 果品市场 临街院门 游泳馆 诊所 科教文化场所 路边停车场 宿舍 路边停车场 法院 公检法机关 律,861,834,咖啡厅 住宅区 临街院门 生活服务场所 餐饮相关场所 中餐厅 专科医院 学校 临街院门 停车场 综合市场 临街院门 运动场馆 诊所 科教文化场所 停车场 住宅区 停车场 公检法机构 公检法机构 事,76,1136,-1,861,861,-1
77,1,77,武昌区紫阳东路东安路口,92,114.315307519000000,30.534191596399999,1624,0.000006260498304,1624,1802,118334679,5114,secondary,紫阳东路, ,F,0,-1.000000000000000,F,T,城市主干道,100.259073296000000,887,住宅小区 中餐厅 冷饮店 维修站点 医疗保健服务场所 洗浴推拿场所 生活服务场所 楼栋号 生活服务场所 中餐厅 汽车租赁 中餐厅 洗浴推拿场所 公司 生活服务场所 生活服务场所 临街院门 生活,627,656,住宅区 中餐厅 冷饮店 维修站点 医疗保健服务场所 洗浴推拿场所 生活服务场所 门牌信息 生活服务场所 中餐厅 汽车租赁 中餐厅 洗浴推拿场所 公司 生活服务场所 生活服务场所 临街院门 生活,77,887,4,627,627,4
78,1,78,硚口区丰顺路至园博大道涵洞,20,114.207987686000000,30.615041395100000,6481,0.000078012899684,6481,7364,553569537,5122,residential, , ,B,0,0.000000000000000,F,F,城市支路,509.460934639000020,1902,体育休闲服务场所 住宅区 住宅小区 综合家电商场 综合酒楼 海鲜酒楼 甜品店 汽车综合维修 汽车养护 公司 海鲜酒楼 临街院门 汽车综合维修 物流速递 汽车养护 汽车养护 汽车综合维修 洗浴推,1543,187,体育休闲服务场所 住宅区 住宅区 家电电子卖场 中餐厅 中餐厅 甜品店 汽车综合维修 汽车养护/装饰 公司 中餐厅 临街院门 汽车综合维修 物流速递 汽车养护/装饰 汽车养护/装饰 汽车综合维修,78,1902,-1,1543,1543,-1
79,1,79,小东门路口民主路右转上中山路渠化道,10,114.313419343000010,30.545951433999999,5983,0.000016221415116,5983,6764,481329676,5113,primary,中山路, ,F,0,0.000000000000000,F,F,城市主干道,208.727138424999990,1069,公共停车场 家居建材市场 公共停车场 生活服务场所 幼儿园 公共厕所 棋牌室 公司 建材五金市场 家具城 快餐厅 幼儿园 棋牌室 住宅小区 科教文化场所 中餐厅 洗衣店 住宅小区 药房 生活服务,798,954,停车场 家居建材市场 停车场 生活服务场所 学校 公共厕所 娱乐场所 公司 家居建材市场 家居建材市场 快餐厅 学校 娱乐场所 住宅区 科教文化场所 中餐厅 洗衣店 住宅区 医药保健销售店 生活,79,1069,4,798,798,4
80,1,80,张之洞路首义路口,5,114.297463131000000,30.536733960999999,3506,0.000003529328735,3506,3892,231810579,5114,secondary,张之洞路 (紫阳路), ,F,0,0.000000000000000,F,F,城市主干道,840.273145526000010,944,住宅小区 婴儿游泳馆 彩票彩券销售点 湖南菜(湘菜) 住宅小区 湖南菜(湘菜) 药房 临街院门 药房 医疗保健服务场所 出入口 中餐厅 诊所 中餐厅 体育休闲服务场所 出入口 美容美发店 茶艺馆 公,680,984,住宅区 婴儿服务场所 彩票彩券销售点 中餐厅 住宅区 中餐厅 医药保健销售店 临街院门 医药保健销售店 医疗保健服务场所 地铁站 中餐厅 诊所 中餐厅 体育休闲服务场所 地铁站 美容美发店 茶,80,944,-1,680,680,-1
81,1,81,白马小路至果批段,30,114.424986414000000,30.596174949200002,2349,0.000412767917017,2349,2626,175745888,5115,tertiary,落雁路, ,B,0,0.000000000000000,F,F,城市次干道,1496.951096820000000,1702,酒吧 四川菜(川菜) 中餐厅 公司企业 超市 兴业银行ATM 公交车站相关 公交车站相关 驾校 宾馆酒店 中餐厅 宾馆酒店 公司 特色/地方风味餐厅,1372,14,娱乐场所 中餐厅 中餐厅 公司企业 超级市场 自动提款机 公交车站 公交车站 驾校 宾馆酒店 中餐厅 宾馆酒店 公司 中餐厅,81,1702,-1,1372,1372,-1
82,1,82,民族大道新竹路口,72,114.400596335000000,30.492415262500000,424,0.000001070347357,424,503,99480657,5115,tertiary,新竹路, ,B,0,0.000000000000000,F,F,城市次干道,2389.758610110000100,416,医疗保健用品 医疗保健服务场所 医疗保健用品 公司 停车场出入口 临街院门 专用停车场 临街院门 住宅小区 中介机构 建筑物门 图书馆 商务住宅相关 湖南菜(湘菜) 中介机构 住宅区 楼栋号 培,237,266,医药保健销售店 医疗保健服务场所 医药保健销售店 公司 停车场 临街院门 停车场 临街院门 住宅区 中介机构 建筑物门 图书馆 商务住宅相关 中餐厅 中介机构 住宅区 门牌信息 培训机构 住宅,82,416,-1,237,237,-1
83,1,83,东湖风景区落雁路涵洞,5,114.407894853000000,30.554488687199999,2036,0.001645684945490,2036,2272,149854929,5121,unclassified, , ,B,0,0.000000000000000,F,F,城市支路,2576.088319089999900,1149,风景名胜 风景名胜 生活服务场所 综合医院 美容美发店 风景名胜 风景名胜 风景名胜 风景名胜 国家级景点 风景名胜 风景名胜 风景名胜 风景名胜 风景名胜 政府及社会团体相关 风景名胜 交通,874,83,风景名胜 风景名胜 生活服务场所 综合医院 美容美发店 风景名胜 风景名胜 风景名胜 风景名胜 风景名胜 风景名胜 风景名胜 风景名胜 风景名胜 风景名胜 政府及社会团体相关 风景名胜 交通服,83,1149,1,874,874,1
84,1,84,南湖西路,9,114.339591213000010,30.490522091700001,259,0.000014316268785,259,293,98845207,5121,unclassified, , ,B,0,0.000000000000000,F,F,城市支路,688.022206898000040,404,汽车服务相关 洗衣店 餐饮相关 幼儿园 幼儿园 体育休闲服务场所 临街院门 中餐厅 临街院门 公共停车场 餐饮相关 洗浴推拿场所 湖南菜(湘菜) 公共停车场 临街院门 物流速递 茶艺馆 临街院正,225,114,汽车服务相关 洗衣店 餐饮相关场所 学校 学校 体育休闲服务场所 临街院门 中餐厅 临街院门 停车场 餐饮相关场所 洗浴推拿场所 中餐厅 停车场 临街院门 物流速递 茶艺馆 临街院门 医疗保健,84,404,-1,225,225,-1
85,1,85,江岸全民健身中心站,1,114.278864410000000,30.644300898899999,2916,0.001855191554970,2916,3273,188704910,5113,primary,后湖大道, ,F,60,0.000000000000000,F,F,城市主干道,6500.953464510000200,2221,四星级宾馆 棋牌室 洗浴推拿场所 公园 娱乐场所 中餐厅 运动场所 网球场 公共停车场 地市级政府及事业单位 科教文化场所 公共厕所 物流速递 驾校 政府及社会团体相关 公共停车场 公共停车,1759,84,宾馆酒店 娱乐场所 洗浴推拿场所 公园广场 娱乐场所 中餐厅 运动场馆 运动场馆 停车场 政府机关 科教文化场所 公共厕所 物流速递 驾校 政府及社会团体相关 停车场 停车场 公交车站 公交车,85,2221,5,1759,1759,5
86,1,86,南湖老人桥路,16,114.323887258000000,30.484767765400001,3455,0.000015566790657,3455,3841,231805317,5115,tertiary,南湖路, ,B,0,0.000000000000000,F,F,城市次干道,1506.813808639999900,278,中餐厅 中介机构 二手车交易 糕饼店 生活服务场所 中餐厅 小学 中介机构 生活服务场所 生活服务场所 中介机构 美容美发店 美容美发店 中介机构 中介机构 宠物市场 生活服务场所 生活服务场,135,358,中餐厅 中介机构 二手车交易 糕饼店 生活服务场所 中餐厅 学校 中介机构 生活服务场所 生活服务场所 中介机构 美容美发店 美容美发店 中介机构 中介机构 花鸟鱼虫市场 生活服务场所 生活服,86,278,4,135,135,4
87,1,87,姑嫂树兴业路,24,114.256969356000000,30.631931718400001,4607,0.000119858289904,4607,5047,329696023,5114,secondary, , ,F,0,0.000000000000000,F,F,城市主干道,1545.381133840000100,2095,特色/地方风味餐厅 住宅小区 临街院门 中餐厅 美容美发店 四川菜(川菜) 卫生院 中餐厅 四川菜(川菜) 中餐厅 中餐厅 临街院正门 药房 医疗保健用品 旅馆招待所 旅馆招待所 医疗保健服务场所,1686,787,中餐厅 住宅区 临街院门 中餐厅 美容美发店 中餐厅 综合医院 中餐厅 中餐厅 中餐厅 中餐厅 临街院门 医药保健销售店 医药保健销售店 旅馆招待所 旅馆招待所 医疗保健服务场所 宾馆酒店 宾,87,2095,4,1686,1686,4
88,1,88,王家湾往知音桥方向,5,114.280963957000000,30.626596802900000,4643,0.000031908628554,4643,5116,331158298,5113,primary,发展大道, ,F,0,0.000000000000000,F,F,城市主干道,833.976620188999960,2039,汽车综合维修 路口名 汽车综合维修 汽车综合维修 生活服务场所 路口名 路口名 临街院门 茶艺馆 科教文化场所 临街院门 公司企业 交通服务相关 政府及社会团体相关 律师事务所 餐饮相关 公,1654,377,汽车综合维修 交通地名 汽车综合维修 汽车综合维修 生活服务场所 交通地名 交通地名 临街院门 茶艺馆 科教文化场所 临街院门 公司企业 交通服务相关 政府及社会团体相关 事务所 餐饮相关,88,2039,-1,1654,1654,-1
89,1,89,国博中心通道南北向,24,114.234660527000000,30.510340524600000,5782,0.002079871388310,5782,6554,457991007,5121,unclassified, , ,B,0,0.000000000000000,F,F,城市支路,317.254763460999980,627,停车场出口 公共停车场 停车场入口 公共停车场 水族馆 地铁站 停车场入口 公共停车场 住宿服务相关 药房 公共停车场 公司企业 公共停车场 停车场入口 展览馆 公共停车场 临街院门 培训机构,395,57,停车场 停车场 停车场 停车场 公园广场 地铁站 停车场 停车场 住宿服务相关 医药保健销售店 停车场 公司企业 停车场 停车场 展览馆 停车场 临街院门 培训机构 停车场 停车场 停车场 停车场,89,627,-1,395,395,-1
90,1,90,珞瑜路卓北路口北进口道,20,114.340414198000000,30.594668202899999,120,0.000150400276187,120,150,87236321,5113,primary,友谊大道, ,F,0,0.000000000000000,F,F,城市主干道,134.168624255999990,1624,宾馆酒店 宾馆酒店 宾馆酒店 中餐厅 中餐厅 生活服务场所 洗浴推拿场所 培训机构 美容美发店 住宅小区 美容美发店 洗浴推拿场所 生活服务场所 生活服务场所 住宅小区 美容美发店 婴儿游泳,1302,1904,宾馆酒店 宾馆酒店 宾馆酒店 中餐厅 中餐厅 生活服务场所 洗浴推拿场所 培训机构 美容美发店 住宅区 美容美发店 洗浴推拿场所 生活服务场所 生活服务场所 住宅区 美容美发店 婴儿服务场所,90,1624,4,1302,1302,4
91,1,91,楚平路,4,114.374592244000000,30.502317178900000,590,0.000017560849540,590,689,103497232,5115,tertiary,楚平路, ,F,0,0.000000000000000,F,F,城市次干道,817.192591057999950,533,汽车维修 汽车综合维修 汽车综合维修 汽车服务相关 休闲场所 电信公司 电信公司 物流速递 驾校 公司企业 宿舍 建材五金市场 电信公司 中国移动营业厅 临街院门 宿舍 中国移动营业厅 临街院,324,364,汽车维修 汽车综合维修 汽车综合维修 汽车服务相关 休闲场所 公司 公司 物流速递 驾校 公司企业 住宅区 家居建材市场 公司 电讯营业厅 临街院门 住宅区 电讯营业厅 临街院门 工厂 公司企业,91,533,-1,324,324,-1
92,1,92,三环线古田加油站对面,45,114.264351086999990,30.651512234100000,1947,0.000003039042917,1947,2159,142674633,5112,trunk,三环线, ,F,0,0.000000000000000,F,F,高架及快速路,2137.335682940000000,2341,餐饮相关 公园 商务住宅相关 宾馆酒店 村庄级地名 游泳馆 公司 住宿服务相关 风景名胜 风景名胜 路口名 临街院门 公司 洗浴推拿场所 公交车站相关 公交车站相关 网球场 别墅 工厂 物流速递,1815,20,餐饮相关场所 公园广场 商务住宅相关 宾馆酒店 普通地名 运动场馆 公司 住宿服务相关 风景名胜 风景名胜 交通地名 临街院门 公司 洗浴推拿场所 公交车站 公交车站 运动场馆 住宅区 工厂 物,92,2341,-1,1815,1815,-1
93,1,93,和平大道下桥处德成长江国际门口段,12,114.332430590000000,30.592557922499999,4555,0.000504189210620,4555,4988,307415576,5122,residential, , ,B,0,0.000000000000000,F,F,城市支路,551.007263640000020,1622,住宅小区 住宅小区 公司企业 冷饮店 中餐厅 冷饮店 临街院门 美容美发店 住宅小区 维修站点 临街院门 中学 乡镇以下级政府及事业单位 乡镇以下级政府及事业单位 生活服务场所 生活服务场,1300,351,住宅区 住宅区 公司企业 冷饮店 中餐厅 冷饮店 临街院门 美容美发店 住宅区 维修站点 临街院门 学校 政府机关 政府机关 生活服务场所 生活服务场所 社会团体 休闲场所 住宅区 餐饮相关场所,93,1622,-1,1300,1300,-1
94,1,94,东湖高新,2,114.375358105000000,30.464793462500001,192,0.013251354423800,192,224,98582997,5121,unclassified, , ,B,0,0.000000000000000,F,F,城市支路,2331.874241860000000,45, ,0,0, ,94,0,0,0,0,0
95,1,95,解放大道前进一路,12,114.277180996000000,30.580319690600000,2448,0.000062625615647,2448,2773,177618181,5115,tertiary,民主一街, ,F,0,0.000000000000000,F,F,城市次干道,1644.678452720000000,1489,生活服务场所 生活服务场所 生活服务场所 路边停车场 公共停车场 生活服务场所 生活服务场所 生活服务场所 生活服务场所 生活服务场所 经济型连锁酒店 住宅小区 临街院门 临街院门 公司,1182,1881,生活服务场所 生活服务场所 生活服务场所 停车场 停车场 生活服务场所 生活服务场所 生活服务场所 生活服务场所 生活服务场所 宾馆酒店 住宅区 临街院门 临街院门 公司 住宿服务相关 生活,95,1489,4,1182,1182,4
96,1,96,育才路11号,4,114.279745973999990,30.616592411900001,81,0.000132362481545,81,101,51404404,5122,residential,育才路, ,B,0,0.000000000000000,F,F,城市支路,711.436113226999960,1917,楼栋号 住宅小区 楼栋号 餐饮相关 楼栋号 楼栋号 住宅小区 楼栋号 楼栋号 楼栋号 培训机构 住宅小区 培训机构 楼栋号 楼栋号 楼栋号 楼栋号 楼栋号 楼栋号 生活服务场所 住宅小区 生活服务,1558,1158,门牌信息 住宅区 门牌信息 餐饮相关场所 门牌信息 门牌信息 住宅区 门牌信息 门牌信息 门牌信息 培训机构 住宅区 培训机构 门牌信息 门牌信息 门牌信息 门牌信息 门牌信息 门牌信息 生活服,96,1917,4,1558,1558,4
97,1,97,东湖风景区白马小路至果批段,25,114.400471892000000,30.545834870499998,4993,0.000945771781820,4993,5576,388433250,5111,motorway,东湖隧道, ,F,70,-1.000000000000000,F,T,高架及快速路,7575.977222919999800,1087,公园景点售票处 公共厕所 交通银行ATM 交通银行ATM 生活服务场所 公用电话 便民商店/便利店 临街院门 专营店 公园景点售票处 公园景点售票处 生活服务场所 风景名胜 信息咨询中心 医疗保健,816,150,售票处 公共厕所 自动提款机 自动提款机 生活服务场所 公用电话 便民商店/便利店 临街院门 专卖店 售票处 售票处 生活服务场所 风景名胜 信息咨询中心 医疗保健服务场所 交通服务相关 商务,97,1087,-1,816,816,-1
98,1,98,经开区四新南路新华园二路6处,34,114.209721126000010,30.515683373500000,7365,0.000164366303854,7365,8416,721828543,5114,secondary, , ,F,0,0.000000000000000,F,F,城市主干道,3369.060310460000000,683,生活服务场所 生活服务场所 生活服务场所 美容美发店 广告装饰 生活服务场所 生活服务场所 公交车站相关 生活服务场所 生活服务场所 公交车站相关 公共厕所 中国石油 网吧 汽车服务相关,441,141,生活服务场所 生活服务场所 生活服务场所 美容美发店 公司 生活服务场所 生活服务场所 公交车站 生活服务场所 生活服务场所 公交车站 公共厕所 加油站 娱乐场所 汽车服务相关 住宅区 物流,98,683,4,441,441,4
99,1,99,洪山区虎泉街保利华都1处,5,114.378488936000000,30.507857716400000,2235,0.000394304558538,2235,2492,169556483,5122,residential, , ,B,0,0.000000000000000,F,F,城市支路,157.073003734000000,594,生活服务场所 出入口 临街院门 生活服务场所 停车场出入口 公共停车场 出入口 地铁站 公司 生活服务场所 美容美发店 餐饮相关 临街院门 路边停车场 临街院门 洗浴推拿场所 住宿服务相关 住,373,715,生活服务场所 地铁站 临街院门 生活服务场所 停车场 停车场 地铁站 地铁站 公司 生活服务场所 美容美发店 餐饮相关场所 临街院门 停车场 临街院门 洗浴推拿场所 住宿服务相关 住宿服务相关,99,594,-1,373,373,-1
100,1,100,武胜路电车公司,4,114.263437868000000,30.576752526700002,7054,0.000151453177171,7054,8069,667794410,5113,primary,武胜路, ,F,0,0.000000000000000,F,F,城市主干道,1128.173461460000000,1425,洗浴推拿场所 公共停车场 茶艺馆 生活服务场所 生活服务场所 生活服务场所 美容美发店 培训机构 旅馆招待所 停车场出入口 住宅小区 旅馆招待所 洗浴推拿场所 洗浴推拿场所 生活服务场所,1125,1450,洗浴推拿场所 停车场 茶艺馆 生活服务场所 生活服务场所 生活服务场所 美容美发店 培训机构 旅馆招待所 停车场 住宅区 旅馆招待所 洗浴推拿场所 洗浴推拿场所 生活服务场所 医疗保健服务,100,1425,4,1125,1125,4
101,1,101,武昌片区,5,114.310542939000000,30.556204121499999,3250,0.000243171621572,3250,3620,231781499,5113,primary,中山路, ,F,0,0.000000000000000,F,F,城市主干道,509.214358118000010,1191,住宅小区 临街院门 政府及社会团体相关 清真菜馆 宿舍 彩票彩券销售点 中餐厅 临街院门 公共停车场 路边停车场 公司企业 生活服务场所 洗浴推拿场所 公司企业 生活服务场所 汽车服务相关,912,776,住宅区 临街院门 政府及社会团体相关 中餐厅 住宅区 彩票彩券销售点 中餐厅 临街院门 停车场 停车场 公司企业 生活服务场所 洗浴推拿场所 公司企业 生活服务场所 汽车服务相关 停车场 汽车,101,1191,5,912,912,5